{"cameraMode":{"drawMode":0,"name":"Shaded","section":"Shading Mode"},"sceneLighting":true,"audioPlay":false,"sceneViewState":{"showFog":true,"showMaterialUpdate":true,"showSkybox":true,"showFlares":true,"showImageEffects":true,"showParticleSystems":true},"in2DMode":false,"pivot":{"x":15.891079902648926,"y":-4.819388389587402,"z":19.055898666381837},"rotation":{"x":0.13487575948238374,"y":0.35402587056159975,"z":-0.05167723447084427,"w":0.9240150451660156},"size":38.77940368652344,"orthographic":false}