{"cameraMode":{"drawMode":0,"name":"Shaded","section":"Shading Mode"},"sceneLighting":false,"audioPlay":false,"sceneViewState":{"showFog":true,"showMaterialUpdate":true,"showSkybox":true,"showFlares":true,"showImageEffects":true,"showParticleSystems":true},"in2DMode":false,"pivot":{"x":1.0746285915374756,"y":2.227504014968872,"z":5.119144916534424},"rotation":{"x":-0.08199482411146164,"y":0.7120298147201538,"z":-0.08433982729911804,"w":-0.692226231098175},"size":13.84174919128418,"orthographic":false}