{"cameraMode":{"drawMode":0,"name":"Shaded","section":"Shading Mode"},"sceneLighting":false,"audioPlay":false,"sceneViewState":{"showFog":true,"showMaterialUpdate":true,"showSkybox":true,"showFlares":true,"showImageEffects":true,"showParticleSystems":true},"in2DMode":false,"pivot":{"x":0.0,"y":0.5519999861717224,"z":-0.04100000858306885},"rotation":{"x":-0.21053799986839295,"y":0.49581095576286318,"z":-0.12528495490550996,"w":-0.8331560492515564},"size":2.435178279876709,"orthographic":false}