{"cameraMode":{"drawMode":0,"name":"Shaded","section":"Shading Mode"},"sceneLighting":false,"audioPlay":false,"sceneViewState":{"showFog":true,"showMaterialUpdate":false,"showSkybox":true,"showFlares":true,"showImageEffects":true,"showParticleSystems":true},"in2DMode":false,"pivot":{"x":-4.215723514556885,"y":1.6571227312088013,"z":-4.564339637756348},"rotation":{"x":-0.024040117859840394,"y":-0.7164188623428345,"z":-0.024722617119550706,"w":0.6968176960945129},"size":5.65302848815918,"orthographic":false}