{"cameraMode":{"drawMode":0,"name":"Shaded","section":"Shading Mode"},"sceneLighting":false,"audioPlay":false,"sceneViewState":{"showFog":true,"showMaterialUpdate":true,"showSkybox":true,"showFlares":true,"showImageEffects":true,"showParticleSystems":true},"in2DMode":false,"pivot":{"x":77.37999725341797,"y":9.850000381469727,"z":11.949999809265137},"rotation":{"x":-0.29861968755722048,"y":-0.21340210735797883,"z":0.0686967745423317,"w":-0.9276673197746277},"size":1.428956389427185,"orthographic":false}