{"cameraMode":{"drawMode":0,"name":"Shaded","section":"Shading Mode"},"sceneLighting":false,"audioPlay":false,"sceneViewState":{"showFog":true,"showMaterialUpdate":false,"showSkybox":true,"showFlares":true,"showImageEffects":true,"showParticleSystems":true},"in2DMode":false,"pivot":{"x":0.0,"y":1.1000001430511475,"z":3.0959999561309816},"rotation":{"x":-0.09113457053899765,"y":-0.7536668181419373,"z":0.10697691887617111,"w":-0.6420568227767944},"size":4.287587642669678,"orthographic":false}